"Marca temporal","TIPO DE TRABAJO","TÍTULO DEL TRABAJO","AUTORES 
(Apellido completo e iniciales del nombre. Si se incluye más de un autor, los mismos deben estar separados con punto y coma). 
Ej: Pérez, J.; García, M.","Correo electrónico del primer autor","RESÚMEN","POSTER
(Formato de imagen: png, jpg, etc.)"
"2025/07/01 9:30:00 a. m. GMT-3","Tesis: Especialización, Maestría y Doctorado. Avance y Finalización","Mi trabajo","Perez, J.","juanperez@gmail.com","Lorem ipsum dolor sit amet, consectetur adipiscing elit. Nullam auctor, nisl eget ultricies tincidunt, nisl nisl aliquam nisl, eget ultricies nisl nisl eget nisl. Nullam auctor, nisl eget ultricies tincidunt, nisl nisl aliquam nisl, eget ultricies nisl nisl eget nisl. Sed euismod, nisl eget ultricies tincidunt, nisl nisl aliquam nisl, eget ultricies nisl nisl eget nisl. Sed euismod, nisl eget ultricies tincidunt, nisl nisl aliquam nisl, eget ultricies nisl nisl eget nisl.

Vivamus euismod, nisl eget ultricies tincidunt, nisl nisl aliquam nisl, eget ultricies nisl nisl eget nisl. Sed euismod, nisl eget ultricies tincidunt, nisl nisl aliquam nisl, eget ultricies nisl nisl eget nisl. Nullam auctor, nisl eget ultricies tincidunt, nisl nisl aliquam nisl, eget ultricies nisl nisl eget nisl. Sed euismod, nisl eget ultricies tincidunt, nisl nisl aliquam nisl, eget ultricies nisl nisl eget nisl.","https://drive.google.com/u/2/open?usp=forms_web&id=15AotkI--zj6gLHreziPWWSU3kZPm3Vgr"